rsid	ref	alt
rs228729	T	C
rs228642	C	T
rs228666	T	C
rs2640909	T	C
rs1801133	G	A
rs1805054	C	T
rs678849	C	T
rs529520	A	C
rs581111	A	G
rs35687416	G	T
rs1044457	C	T
rs191190	C	T
rs3394	T	C
rs3393	C	T
rs12083537	A	G
rs2072660	T	C
rs12409352	A	T
rs1801274	A	G
rs396991	A	C
rs4437856	A	C
rs2419128	C	T
rs12094644	T	A
rs800292	G	A
rs1329424	T	G
rs1061170	C	T
rs10737680	A	C
rs1410996	G	A
rs1329428	C	T
rs2274567	A	G
rs3811381	C	G
rs1051740	T	C
rs2234922	A	G
rs7079	G	T
rs12529	C	G
rs2799018	C	T
rs7905446	T	G
rs12248560	C	T
rs2153628	A	G
rs9332238	G	A
rs2804402	A	G
rs11591741	G	C
rs743572	A	G
rs1800544	G	C
rs3842727	G	T
rs2070762	A	G
rs10770140	C	T
rs10770141	A	G
rs11042725	C	A
rs2279287	T	C
rs2278749	C	T
rs3781719	A	G
rs1800532	G	T
rs293983	C	T
rs10835210	C	A
rs1967554	A	C
rs988748	C	G
rs2030324	A	G
rs1695	A	G
rs2229437	T	G
rs11212617	C	A
rs4938013	A	C
rs7118900	G	A
rs1800497	G	A
rs1799732	-	G
rs1062613	T	C
rs2276302	G	A
rs1176713	A	G
rs5441	A	G
rs7316769	G	T
rs7306991	A	T
rs10771997	T	C
rs10771998	A	G
rs10771999	C	G
rs2284411	C	T
rs2160734	C	T
rs4149117	T	G
rs7311358	G	A
rs2306283	A	G
rs12231740	C	T
rs3763980	A	T
rs5888	A	G
rs9567746	A	G
rs6313	G	A
rs6311	C	T
rs4982133	A	C
rs2494732	T	C
rs3803300	T	C
rs12595802	G	A
rs4646	A	C
rs762551	C	A
rs680244	T	C
rs16969968	G	A
rs615470	T	C
rs6495307	C	T
rs1048786	C	T
rs150929	G	T
rs3810818	A	C
rs1731017	A	G
rs6498169	G	A
rs3784864	G	A
rs749671	G	A
rs9934438	G	A
rs9923231	C	T
rs243865	C	T
rs28386840	T	A
rs2242446	C	T
rs12708954	C	A
rs5569	G	A
rs4513095	C	A
rs5882	G	A
rs3213422	A	C
rs3210967	T	C
rs1136287	C	T
rs1045280	C	T
rs4562	A	G
rs1042522	G	C
rs8065082	C	T
rs12943590	G	A
rs11869731	G	C
rs4291	T	A
rs4343	G	A
rs2853542	G	C
rs2853539	A	G
rs2244500	A	G
rs699517	C	T
rs11280056	TTAAAG	-
rs6506569	T	C
rs4483927	G	T
rs12610827	T	G
rs2230199	G	C
rs4805162	A	G
rs12979860	C	T
rs8109525	A	G
rs3745274	G	T
rs2279343	A	G
rs1800470	G	A
rs1800469	A	G
rs25487	T	C
rs429358	T	C
rs735482	A	C
rs2336219	G	A
rs3212986	C	A
rs3212980	T	G
rs3212964	C	T
rs3212961	G	T
rs11615	A	G
rs523349	G	C
rs1056827	C	A
rs10012	G	C
rs6545816	A	C
rs1427407	T	G
rs766432	C	A
rs4671393	A	G
rs3087386	A	G
rs3087403	C	T
rs5836788	C	-
rs12693402	C	T
rs7574865	T	G
rs7563206	C	T
rs10210302	C	T
rs2295553	C	T
rs2650972	T	C
rs8636	T	C
rs73598374	C	T
rs6064463	T	C
rs4810083	T	C
rs3787429	C	T
rs2236196	G	A
rs3827020	T	C
rs1012335	G	C
rs3761372	T	C
rs2838958	G	A
rs1051266	T	C
rs6269	A	G
rs4633	C	T
rs4818	C	G
rs4680	G	A
rs165599	G	A
rs2284017	T	C
rs2284018	C	T
rs1883112	G	A
rs3747178	C	T
rs3792452	C	T
rs9873889	C	T
rs9879065	C	T
rs9310657	T	G
rs9310658	C	T
rs7616119	G	C
rs7653345	A	G
rs9819548	G	A
rs13093500	T	A
rs12630569	G	C
rs9824595	G	T
rs4334661	T	C
rs4627790	T	C
rs616147	A	G
rs9828223	C	T
rs6280	C	T
rs324026	C	T
rs2811332	G	C
rs6809699	A	C
rs6785930	G	A
rs7624046	C	T
rs3749442	G	A
rs266729	C	G
rs3821799	T	C
rs3774261	A	G
rs2082940	T	C
rs1063538	T	C
rs2960306	G	T
rs1024323	C	T
rs1801058	T	C
rs11269124	-	GGGGAGCTTTCCCAGAGACCC
rs12502866	G	A
rs1390913	G	A
rs2071559	A	G
rs3736544	A	G
rs34897046	G	C
rs6551665	G	A
rs1947274	C	A
rs13120400	T	C
rs2231142	G	T
rs10011796	T	C
rs10033900	T	C
rs10007051	C	T
rs11933890	A	G
rs62319299	A	C
rs56229625	G	T
rs55881666	C	T
rs17035723	C	T
rs11559290	C	T
rs27072	C	T
rs6347	T	C
rs274717	A	G
rs274713	T	G
rs1801394	A	G
rs162040	C	A
rs35661809	A	G
rs17834628	G	A
rs6878291	G	A
rs7703002	A	C
rs7719775	A	G
rs249429	C	T
rs929740	G	A
rs1232027	G	A
rs1643650	T	C
rs12657120	G	C
rs4639250	C	G
rs3852209	C	T
rs2631372	G	C
rs2631370	T	C
rs2631367	C	G
rs2013169	T	A
rs2053044	A	G
rs3212227	T	G
rs13169373	C	T
rs2233945	C	A
rs1799724	C	T
rs3077	A	G
rs20455	A	G
rs699946	A	G
rs699947	A	C
rs144854329	GGTCCCACTCTTCCCACA	-
rs833061	C	T
rs1570360	A	G
rs2010963	C	G
rs6296	C	G
rs130058	T	A
rs11568817	A	C
rs465646	G	A
rs3204953	C	T
rs462779	G	A
rs610604	G	T
rs12205732	G	A
rs6912029	G	T
rs675026	A	G
rs2236256	C	A
rs2236257	G	C
rs2236258	C	T
rs2236259	T	C
rs6902403	T	C
rs9322453	G	C
rs6935207	G	A
rs683369	G	C
rs628031	A	G
rs622342	C	A
rs316019	A	C
rs316009	T	C
rs6973474	C	T
rs1800797	A	G
rs1800796	G	C
rs1800795	C	G
rs2270007	G	C
rs28362731	G	A
rs1049305	G	C
rs12666409	T	A
rs1045642	A	G
rs7787082	G	A
rs2032582	A	C
rs2032582	A	T
rs10248420	A	G
rs1128503	A	G
rs868755	T	G
rs662	T	C
rs776746	T	C
rs2740574	C	T
rs12539	C	T
rs1799983	T	G
rs6990851	A	G
rs1495741	G	A
rs3808627	C	T
rs2114358	G	A
rs10465180	C	T
rs4358872	T	G
rs10123866	G	A
rs7472	G	A
rs10124893	G	A
rs7035619	A	T
rs6479008	C	A
rs10989064	C	T
rs9032	C	G
rs756770	C	A
rs5320	G	A
rs129915	A	G
rs1799836	T	C
rs1695	A	G
rs2229437	T	G
rs11212617	C	A
rs4938013	A	C
rs7118900	G	A
rs1800497	G	A
rs1799732	-	G
rs1062613	T	C
rs2276302	G	A
rs1176713	A	G
rs5441	A	G
rs7316769	G	T
rs7306991	A	T
rs10771997	T	C
rs10771998	A	G
rs10771999	C	G
rs2284411	C	T
rs2160734	C	T
rs4149117	T	G
rs7311358	G	A
rs2306283	A	G
rs12231740	C	T
rs3763980	A	T
rs5888	A	G
rs9567746	A	G
rs6313	G	A
rs6311	C	T
rs4982133	A	C
rs2494732	T	C
rs3803300	T	C
rs12595802	G	A
rs4646	A	C
rs762551	C	A
rs680244	T	C
rs16969968	G	A
rs615470	T	C
rs6495307	C	T
rs1048786	C	T
rs150929	G	T
rs3810818	A	C
rs1731017	A	G
rs6498169	G	A
rs3784864	G	A
rs749671	G	A
rs9934438	G	A
rs9923231	C	T
rs243865	C	T
rs28386840	T	A
rs2242446	C	T
rs12708954	C	A
rs5569	G	A
rs4513095	C	A
rs5882	G	A
rs3213422	A	C
rs3210967	T	C
rs1136287	C	T
rs1045280	C	T
rs4562	A	G
rs1042522	G	C
rs8065082	C	T
rs12943590	G	A
rs11869731	G	C
rs4291	T	A
rs4343	G	A
rs2853542	G	C
rs2853539	A	G
rs2244500	A	G
rs699517	C	T
rs11280056	TTAAAG	-
rs6506569	T	C
rs4483927	G	T
rs12610827	T	G
rs2230199	G	C
rs4805162	A	G
rs12979860	C	T
rs8109525	A	G
rs3745274	G	T
rs2279343	A	G
rs1800470	G	A
rs1800469	A	G
rs25487	T	C
rs429358	T	C
rs735482	A	C
rs2336219	G	A
rs3212986	C	A
rs3212980	T	G
rs3212964	C	T
rs3212961	G	T
rs11615	A	G
rs523349	G	C
rs1056827	C	A
rs10012	G	C
rs6545816	A	C
rs1427407	T	G
rs766432	C	A
rs4671393	A	G
rs3087386	A	G
rs3087403	C	T
rs5836788	C	-
rs12693402	C	T
rs7574865	T	G
rs7563206	C	T
rs10210302	C	T
rs2295553	C	T
rs2650972	T	C
rs8636	T	C
rs73598374	C	T
rs6064463	T	C
rs4810083	T	C
rs3787429	C	T
rs2236196	G	A
rs3827020	T	C
rs1012335	G	C
rs3761372	T	C
rs2838958	G	A
rs1051266	T	C
rs6269	A	G
rs4633	C	T
rs4818	C	G
rs4680	G	A
rs165599	G	A
rs2284017	T	C
rs2284018	C	T
rs1883112	G	A
rs3747178	C	T
rs3792452	C	T
rs9873889	C	T
rs9879065	C	T
rs9310657	T	G
rs9310658	C	T
rs7616119	G	C
rs7653345	A	G
rs9819548	G	A
rs13093500	T	A
rs12630569	G	C
rs9824595	G	T
rs4334661	T	C
rs4627790	T	C
rs616147	A	G
rs9828223	C	T
rs6280	C	T
rs324026	C	T
rs2811332	G	C
rs6809699	A	C
rs6785930	G	A
rs7624046	C	T
rs3749442	G	A
rs266729	C	G
rs3821799	T	C
rs3774261	A	G
rs2082940	T	C
rs1063538	T	C
rs2960306	G	T
rs1024323	C	T
rs1801058	T	C
rs11269124	-	GGGGAGCTTTCCCAGAGACCC
rs12502866	G	A
rs1390913	G	A
rs2071559	A	G
rs3736544	A	G
rs34897046	G	C
rs6551665	G	A
rs1947274	C	A
rs13120400	T	C
rs2231142	G	T
rs10011796	T	C
rs10033900	T	C
rs10007051	C	T
rs11933890	A	G
rs62319299	A	C
rs56229625	G	T
rs55881666	C	T
rs17035723	C	T
rs11559290	C	T
rs27072	C	T
rs6347	T	C
rs274717	A	G
rs274713	T	G
rs1801394	A	G
rs162040	C	A
rs35661809	A	G
rs17834628	G	A
rs6878291	G	A
rs7703002	A	C
rs7719775	A	G
rs249429	C	T
rs929740	G	A
rs1232027	G	A
rs1643650	T	C
rs12657120	G	C
rs4639250	C	G
rs3852209	C	T
rs2631372	G	C
rs2631370	T	C
rs2631367	C	G
rs2013169	T	A
rs2053044	A	G
rs3212227	T	G
rs13169373	C	T
rs2233945	C	A
rs1799724	C	T
rs3077	A	G
rs20455	A	G
rs699946	A	G
rs699947	A	C
rs144854329	GGTCCCACTCTTCCCACA	-
rs833061	C	T
rs1570360	A	G
rs2010963	C	G
rs6296	C	G
rs130058	T	A
rs11568817	A	C
rs465646	G	A
rs3204953	C	T
rs462779	G	A
rs610604	G	T
rs12205732	G	A
rs6912029	G	T
rs675026	A	G
rs2236256	C	A
rs2236257	G	C
rs2236258	C	T
rs2236259	T	C
rs6902403	T	C
rs9322453	G	C
rs6935207	G	A
rs683369	G	C
rs628031	A	G
rs622342	C	A
rs316019	A	C
rs316009	T	C
rs6973474	C	T
rs1800797	A	G
rs1800796	G	C
rs1800795	C	G
rs2270007	G	C
rs28362731	G	A
rs1049305	G	C
rs12666409	T	A
rs1045642	A	G
rs7787082	G	A
rs2032582	A	C
rs2032582	A	T
rs10248420	A	G
rs1128503	A	G
rs868755	T	G
rs662	T	C
rs776746	T	C
rs2740574	C	T
rs12539	C	T
rs1799983	T	G
rs6990851	A	G
rs1495741	G	A
rs3808627	C	T
rs2114358	G	A
rs10465180	C	T
rs4358872	T	G
rs10123866	G	A
rs7472	G	A
rs10124893	G	A
rs7035619	A	T
rs6479008	C	A
rs10989064	C	T
rs9032	C	G
rs756770	C	A
rs5320	G	A
rs129915	A	G
rs1799836	T	C
rs2494732	T	C
rs3803300	T	C
rs12595802	G	A
rs4646	A	C
rs762551	C	A
rs680244	T	C
rs16969968	G	A
rs615470	T	C
rs6495307	C	T
rs1048786	C	T
rs150929	G	T
rs3810818	A	C
rs1731017	A	G
rs6498169	G	A
rs3784864	G	A
rs749671	G	A
rs9934438	G	A
rs9923231	C	T
rs243865	C	T
rs28386840	T	A
rs2242446	C	T
rs12708954	C	A
rs5569	G	A
rs4513095	C	A
rs5882	G	A
rs3213422	A	C
rs3210967	T	C
rs1136287	C	T
rs1045280	C	T
rs4562	A	G
rs1042522	G	C
rs8065082	C	T
rs12943590	G	A
rs11869731	G	C
rs4291	T	A
rs4343	G	A
rs2853542	G	C
rs2853539	A	G
rs2244500	A	G
rs699517	C	T
rs11280056	TTAAAG	-
rs6506569	T	C
rs4483927	G	T
rs12610827	T	G
rs2230199	G	C
rs4805162	A	G
rs12979860	C	T
rs8109525	A	G
rs3745274	G	T
rs2279343	A	G
rs1800470	G	A
rs1800469	A	G
rs25487	T	C
rs429358	T	C
rs735482	A	C
rs2336219	G	A
rs3212986	C	A
rs3212980	T	G
rs3212964	C	T
rs3212961	G	T
rs11615	A	G
rs523349	G	C
rs1056827	C	A
rs10012	G	C
rs6545816	A	C
rs1427407	T	G
rs766432	C	A
rs4671393	A	G
rs3087386	A	G
rs3087403	C	T
rs5836788	C	-
rs12693402	C	T
rs7574865	T	G
rs7563206	C	T
rs10210302	C	T
rs2295553	C	T
rs2650972	T	C
rs8636	T	C
rs73598374	C	T
rs6064463	T	C
rs4810083	T	C
rs3787429	C	T
rs2236196	G	A
rs3827020	T	C
rs1012335	G	C
rs3761372	T	C
rs2838958	G	A
rs1051266	T	C
rs6269	A	G
rs4633	C	T
rs4818	C	G
rs4680	G	A
rs165599	G	A
rs2284017	T	C
rs2284018	C	T
rs1883112	G	A
rs3747178	C	T
rs3792452	C	T
rs9873889	C	T
rs9879065	C	T
rs9310657	T	G
rs9310658	C	T
rs7616119	G	C
rs7653345	A	G
rs9819548	G	A
rs13093500	T	A
rs12630569	G	C
rs9824595	G	T
rs4334661	T	C
rs4627790	T	C
rs616147	A	G
rs9828223	C	T
rs6280	C	T
rs324026	C	T
rs2811332	G	C
rs6809699	A	C
rs6785930	G	A
rs7624046	C	T
rs3749442	G	A
rs266729	C	G
rs3821799	T	C
rs3774261	A	G
rs2082940	T	C
rs1063538	T	C
rs2960306	G	T
rs1024323	C	T
rs1801058	T	C
rs11269124	-	GGGGAGCTTTCCCAGAGACCC
rs12502866	G	A
rs1390913	G	A
rs2071559	A	G
rs3736544	A	G
rs34897046	G	C
rs6551665	G	A
rs1947274	C	A
rs13120400	T	C
rs2231142	G	T
rs10011796	T	C
rs10033900	T	C
rs10007051	C	T
rs11933890	A	G
rs62319299	A	C
rs56229625	G	T
rs55881666	C	T
rs17035723	C	T
rs11559290	C	T
rs27072	C	T
rs6347	T	C
rs274717	A	G
rs274713	T	G
rs1801394	A	G
rs162040	C	A
rs35661809	A	G
rs17834628	G	A
rs6878291	G	A
rs7703002	A	C
rs7719775	A	G
rs249429	C	T
rs929740	G	A
rs1232027	G	A
rs1643650	T	C
rs12657120	G	C
rs4639250	C	G
rs3852209	C	T
rs2631372	G	C
rs2631370	T	C
rs2631367	C	G
rs2013169	T	A
rs2053044	A	G
rs3212227	T	G
rs13169373	C	T
rs2233945	C	A
rs1799724	C	T
rs3077	A	G
rs20455	A	G
rs699946	A	G
rs699947	A	C
rs144854329	GGTCCCACTCTTCCCACA	-
rs833061	C	T
rs1570360	A	G
rs2010963	C	G
rs6296	C	G
rs130058	T	A
rs11568817	A	C
rs465646	G	A
rs3204953	C	T
rs462779	G	A
rs610604	G	T
rs12205732	G	A
rs6912029	G	T
rs675026	A	G
rs2236256	C	A
rs2236257	G	C
rs2236258	C	T
rs2236259	T	C
rs6902403	T	C
rs9322453	G	C
rs6935207	G	A
rs683369	G	C
rs628031	A	G
rs622342	C	A
rs316019	A	C
rs316009	T	C
rs6973474	C	T
rs1800797	A	G
rs1800796	G	C
rs1800795	C	G
rs2270007	G	C
rs28362731	G	A
rs1049305	G	C
rs12666409	T	A
rs1045642	A	G
rs7787082	G	A
rs2032582	A	C
rs2032582	A	T
rs10248420	A	G
rs1128503	A	G
rs868755	T	G
rs662	T	C
rs776746	T	C
rs2740574	C	T
rs12539	C	T
rs1799983	T	G
rs6990851	A	G
rs1495741	G	A
rs3808627	C	T
rs2114358	G	A
rs10465180	C	T
rs4358872	T	G
rs10123866	G	A
rs7472	G	A
rs10124893	G	A
rs7035619	A	T
rs6479008	C	A
rs10989064	C	T
rs9032	C	G
rs756770	C	A
rs5320	G	A
rs129915	A	G
rs1799836	T	C
rs523349	G	C
rs1056827	C	A
rs10012	G	C
rs6545816	A	C
rs1427407	T	G
rs766432	C	A
rs4671393	A	G
rs3087386	A	G
rs3087403	C	T
rs5836788	C	-
rs12693402	C	T
rs7574865	T	G
rs7563206	C	T
rs10210302	C	T
rs2295553	C	T
rs2650972	T	C
rs8636	T	C
rs73598374	C	T
rs6064463	T	C
rs4810083	T	C
rs3787429	C	T
rs2236196	G	A
rs3827020	T	C
rs1012335	G	C
rs3761372	T	C
rs2838958	G	A
rs1051266	T	C
rs6269	A	G
rs4633	C	T
rs4818	C	G
rs4680	G	A
rs165599	G	A
rs2284017	T	C
rs2284018	C	T
rs1883112	G	A
rs3747178	C	T
rs3792452	C	T
rs9873889	C	T
rs9879065	C	T
rs9310657	T	G
rs9310658	C	T
rs7616119	G	C
rs7653345	A	G
rs9819548	G	A
rs13093500	T	A
rs12630569	G	C
rs9824595	G	T
rs4334661	T	C
rs4627790	T	C
rs616147	A	G
rs9828223	C	T
rs6280	C	T
rs324026	C	T
rs2811332	G	C
rs6809699	A	C
rs6785930	G	A
rs7624046	C	T
rs3749442	G	A
rs266729	C	G
rs3821799	T	C
rs3774261	A	G
rs2082940	T	C
rs1063538	T	C
rs2960306	G	T
rs1024323	C	T
rs1801058	T	C
rs11269124	-	GGGGAGCTTTCCCAGAGACCC
rs12502866	G	A
rs1390913	G	A
rs2071559	A	G
rs3736544	A	G
rs34897046	G	C
rs6551665	G	A
rs1947274	C	A
rs13120400	T	C
rs2231142	G	T
rs10011796	T	C
rs10033900	T	C
rs10007051	C	T
rs11933890	A	G
rs62319299	A	C
rs56229625	G	T
rs55881666	C	T
rs17035723	C	T
rs11559290	C	T
rs27072	C	T
rs6347	T	C
rs274717	A	G
rs274713	T	G
rs1801394	A	G
rs162040	C	A
rs35661809	A	G
rs17834628	G	A
rs6878291	G	A
rs7703002	A	C
rs7719775	A	G
rs249429	C	T
rs929740	G	A
rs1232027	G	A
rs1643650	T	C
rs12657120	G	C
rs4639250	C	G
rs3852209	C	T
rs2631372	G	C
rs2631370	T	C
rs2631367	C	G
rs2013169	T	A
rs2053044	A	G
rs3212227	T	G
rs13169373	C	T
rs2233945	C	A
rs1799724	C	T
rs3077	A	G
rs20455	A	G
rs699946	A	G
rs699947	A	C
rs144854329	GGTCCCACTCTTCCCACA	-
rs833061	C	T
rs1570360	A	G
rs2010963	C	G
rs6296	C	G
rs130058	T	A
rs11568817	A	C
rs465646	G	A
rs3204953	C	T
rs462779	G	A
rs610604	G	T
rs12205732	G	A
rs6912029	G	T
rs675026	A	G
rs2236256	C	A
rs2236257	G	C
rs2236258	C	T
rs2236259	T	C
rs6902403	T	C
rs9322453	G	C
rs6935207	G	A
rs683369	G	C
rs628031	A	G
rs622342	C	A
rs316019	A	C
rs316009	T	C
rs6973474	C	T
rs1800797	A	G
rs1800796	G	C
rs1800795	C	G
rs2270007	G	C
rs28362731	G	A
rs1049305	G	C
rs12666409	T	A
rs1045642	A	G
rs7787082	G	A
rs2032582	A	C
rs2032582	A	T
rs10248420	A	G
rs1128503	A	G
rs868755	T	G
rs662	T	C
rs776746	T	C
rs2740574	C	T
rs12539	C	T
rs1799983	T	G
rs6990851	A	G
rs1495741	G	A
rs3808627	C	T
rs2114358	G	A
rs10465180	C	T
rs4358872	T	G
rs10123866	G	A
rs7472	G	A
rs10124893	G	A
rs7035619	A	T
rs6479008	C	A
rs10989064	C	T
rs9032	C	G
rs756770	C	A
rs5320	G	A
rs129915	A	G
rs1799836	T	C
rs4627790	T	C
rs616147	A	G
rs9828223	C	T
rs6280	C	T
rs324026	C	T
rs2811332	G	C
rs6809699	A	C
rs6785930	G	A
rs7624046	C	T
rs3749442	G	A
rs266729	C	G
rs3821799	T	C
rs3774261	A	G
rs2082940	T	C
rs1063538	T	C
rs2960306	G	T
rs1024323	C	T
rs1801058	T	C
rs11269124	-	GGGGAGCTTTCCCAGAGACCC
rs12502866	G	A
rs1390913	G	A
rs2071559	A	G
rs3736544	A	G
rs34897046	G	C
rs6551665	G	A
rs1947274	C	A
rs13120400	T	C
rs2231142	G	T
rs10011796	T	C
rs10033900	T	C
rs10007051	C	T
rs11933890	A	G
rs62319299	A	C
rs56229625	G	T
rs55881666	C	T
rs17035723	C	T
rs11559290	C	T
rs27072	C	T
rs6347	T	C
rs274717	A	G
rs274713	T	G
rs1801394	A	G
rs162040	C	A
rs35661809	A	G
rs17834628	G	A
rs6878291	G	A
rs7703002	A	C
rs7719775	A	G
rs249429	C	T
rs929740	G	A
rs1232027	G	A
rs1643650	T	C
rs12657120	G	C
rs4639250	C	G
rs3852209	C	T
rs2631372	G	C
rs2631370	T	C
rs2631367	C	G
rs2013169	T	A
rs2053044	A	G
rs3212227	T	G
rs13169373	C	T
rs2233945	C	A
rs1799724	C	T
rs3077	A	G
rs20455	A	G
rs699946	A	G
rs699947	A	C
rs144854329	GGTCCCACTCTTCCCACA	-
rs833061	C	T
rs1570360	A	G
rs2010963	C	G
rs6296	C	G
rs130058	T	A
rs11568817	A	C
rs465646	G	A
rs3204953	C	T
rs462779	G	A
rs610604	G	T
rs12205732	G	A
rs6912029	G	T
rs675026	A	G
rs2236256	C	A
rs2236257	G	C
rs2236258	C	T
rs2236259	T	C
rs6902403	T	C
rs9322453	G	C
rs6935207	G	A
rs683369	G	C
rs628031	A	G
rs622342	C	A
rs316019	A	C
rs316009	T	C
rs6973474	C	T
rs1800797	A	G
rs1800796	G	C
rs1800795	C	G
rs2270007	G	C
rs28362731	G	A
rs1049305	G	C
rs12666409	T	A
rs1045642	A	G
rs7787082	G	A
rs2032582	A	C
rs2032582	A	T
rs10248420	A	G
rs1128503	A	G
rs868755	T	G
rs662	T	C
rs776746	T	C
rs2740574	C	T
rs12539	C	T
rs1799983	T	G
rs6990851	A	G
rs1495741	G	A
rs3808627	C	T
rs2114358	G	A
rs10465180	C	T
rs4358872	T	G
rs10123866	G	A
rs7472	G	A
rs10124893	G	A
rs7035619	A	T
rs6479008	C	A
rs10989064	C	T
rs9032	C	G
rs756770	C	A
rs5320	G	A
rs129915	A	G
rs1799836	T	C
rs929740	G	A
rs1232027	G	A
rs1643650	T	C
rs12657120	G	C
rs4639250	C	G
rs3852209	C	T
rs2631372	G	C
rs2631370	T	C
rs2631367	C	G
rs2013169	T	A
rs2053044	A	G
rs3212227	T	G
rs13169373	C	T
rs2233945	C	A
rs1799724	C	T
rs3077	A	G
rs20455	A	G
rs699946	A	G
rs699947	A	C
rs144854329	GGTCCCACTCTTCCCACA	-
rs833061	C	T
rs1570360	A	G
rs2010963	C	G
rs6296	C	G
rs130058	T	A
rs11568817	A	C
rs465646	G	A
rs3204953	C	T
rs462779	G	A
rs610604	G	T
rs12205732	G	A
rs6912029	G	T
rs675026	A	G
rs2236256	C	A
rs2236257	G	C
rs2236258	C	T
rs2236259	T	C
rs6902403	T	C
rs9322453	G	C
rs6935207	G	A
rs683369	G	C
rs628031	A	G
rs622342	C	A
rs316019	A	C
rs316009	T	C
rs6973474	C	T
rs1800797	A	G
rs1800796	G	C
rs1800795	C	G
rs2270007	G	C
rs28362731	G	A
rs1049305	G	C
rs12666409	T	A
rs1045642	A	G
rs7787082	G	A
rs2032582	A	C
rs2032582	A	T
rs10248420	A	G
rs1128503	A	G
rs868755	T	G
rs662	T	C
rs776746	T	C
rs2740574	C	T
rs12539	C	T
rs1799983	T	G
rs6990851	A	G
rs1495741	G	A
rs3808627	C	T
rs2114358	G	A
rs10465180	C	T
rs4358872	T	G
rs10123866	G	A
rs7472	G	A
rs10124893	G	A
rs7035619	A	T
rs6479008	C	A
rs10989064	C	T
rs9032	C	G
rs756770	C	A
rs5320	G	A
rs129915	A	G
rs1799836	T	C
rs12539	C	T
rs1799983	T	G
rs6990851	A	G
rs1495741	G	A
rs3808627	C	T
rs2114358	G	A
rs10465180	C	T
rs4358872	T	G
rs10123866	G	A
rs7472	G	A
rs10124893	G	A
rs7035619	A	T
rs6479008	C	A
rs10989064	C	T
rs9032	C	G
rs756770	C	A
rs5320	G	A
rs129915	A	G
rs1799836	T	C
